id,title,slug,country,state,city,venue,address,startDate,endDate,timezone,eventType,status,isFree,officialUrl,sourceName,verifiedAt,lastUpdated,summary,latitude,longitude,viewingTips,parkingTips,transitTips,safetyNotes
macy-4th-of-july-fireworks-2026,Macy's 4th of July Fireworks 2026,macys-4th-of-july-fireworks-2026,US,NY,New York City,New York City waterfront,"Brooklyn Bridge, lower East River and lower Hudson River, New York, NY",2026-07-04T21:00:00-04:00,2026-07-04T22:30:00-04:00,America/New_York,community-event,confirmed,true,https://www.nyc.gov/site/cecm/support/community-engagement-47th-fourth-of-july-macys-fireworks.page,Macy's Official Fireworks Page,2026-05-26,2026-05-26,Macy's official July 4th fireworks celebration for New York City.,40.7128,-74.006,"Arrive 2 hours early to secure a viewing spot near the designated waterfront points. | Bring water and wear eye protection for safety. | Check official transit updates on event day.","Use park transit lots and avoid driving downtown during peak hours. | Public parking is limited on the event day.","Use MetroCard-enabled lines for a safer route. | Arrive on subway before 8:00 PM and walk via marked pedestrian routes.","Follow all NYC event marshals guidance. | Keep a safe distance from barricades and emergency zones."
new-york-city-east-river-fireworks-2026,New York City East River Fireworks 2026,new-york-city-east-river-fireworks-2026,US,NY,New York City,East River Waterfront,"East River, Lower Manhattan, New York, NY",2026-07-04T20:30:00-04:00,2026-07-04T22:00:00-04:00,America/New_York,public-display,confirmed,true,https://www.nyc.gov/site/cecm/support/community-engagement-47th-fourth-of-july-macys-fireworks.page,NYC Government,2026-05-26,2026-05-26,Officially announced civic fireworks window with waterfront viewing areas for family audiences.,40.7039,-73.9968,"Use Manhattan and Brooklyn bridge access points for better crowd dispersal. | Check city advisories for temporary street closures.","Reserve transit options early; street parking is constrained. | Use downtown lots and plan a 30-minute buffer for security screening.","Arrive by subway in advance and follow temporary station guidance. | Avoid cross-town bridge crossings after official closure windows.","Follow city marshals and barrier markers. | Keep children together and review nearest access points beforehand."
san-diego-big-bay-boom-2026,San Diego Big Bay Boom 2026,san-diego-big-bay-boom-2026,US,CA,San Diego,San Diego Bay,"San Diego Bay, San Diego, CA",2026-07-04T21:00:00-07:00,2026-07-04T22:00:00-07:00,America/Los_Angeles,public-display,confirmed,true,https://bigbayboom.com/,Big Bay Boom Official Site,2026-05-26,2026-05-26,Official San Diego Bay Independence Day fireworks display.,32.7157,-117.1611,"Choose official bayfront viewing zones and arrive early. | Check the official site for launch locations and event-day updates.","Expect heavy bayfront parking demand. | Use park-and-ride options where available.","Use trolley and public transit where possible. | Walk only on signed public routes.","Stay inside public viewing areas. | Follow police and event staff instructions."
san-francisco-harbor-fireworks-2026,San Francisco Harborfront July 4 Fireworks 2026,san-francisco-harbor-fireworks-2026,US,CA,San Francisco,Pier 7,"San Francisco Waterfront, San Francisco, CA",2026-07-04T21:30:00-07:00,2026-07-04T22:45:00-07:00,America/Los_Angeles,community-event,confirmed,true,https://www.sfport.com/blog/july4,Port of San Francisco,2026-05-30,2026-05-30,A second 2026 public fireworks window near the waterfront with coordinated access updates.,37.7749,-122.4194,"Use official route screens for real-time launch direction guidance. | Arrive one hour early if the city reports transit crowding.","Use municipal lots and off-district parking when possible. | Reserve accessible routes early for strollers and mobility aids.","Muni and ferry options reduce pressure on downtown roads. | Follow posted detours during security sweeps.","Follow official barricade lines and safety spotters. | Carry water and avoid standing in restricted shoreline zones."
sf-fireworks-2026,San Francisco Fireworks 2026,san-francisco-fireworks-2026,US,CA,San Francisco,Pier 39,"Pier 39, San Francisco, CA",2026-07-04T22:00:00-07:00,2026-07-04T23:00:00-07:00,America/Los_Angeles,public-display,confirmed,true,https://www.sfport.com/blog/july4,Port of San Francisco,2026-05-30,2026-05-30,Family-friendly waterfront public display with official city-level transit updates.,37.7749,-122.4194,"Arrive early before the headline launch. | Use official family zones for better accessibility.","Prefer off-site parking and shared rides. | Expect road controls around pier entrances.","Use Muni and BART where available. | Walk up from designated stations only.","Bring children and elderly supporters with warm clothes and water. | Follow public event announcements."
albany-flag-parade-2026,Albany July 4 Flag Parade and Fireworks,albany-flag-parade-2026,US,NY,Albany,Downtown Civic Plaza,"Downtown Albany, Albany, NY",2026-07-04T18:00:00-04:00,2026-07-04T20:00:00-04:00,America/New_York,parade,confirmed,true,https://citynet.albanyny.gov/Calendar.aspx?CID=14,City of Albany,2026-05-26,2026-05-26,Official city page source for Albany's downtown parade and post-event fireworks closeout window.,42.6526,-73.7562,"Use river-adjacent sidewalks only where they remain open. | Check city updates for last-minute crowd reroutes.","Use peripheral parking and shuttle connections where offered. | Avoid curbside parking near parade end points.","Use scheduled transit service and transfer hubs instead of downtown driving. | Walk in groups and remain on designated pedestrian channels.","Keep family emergency contacts visible. | Follow marshal instructions around barricades."
la-hollywood-bowl-fireworks-july-3-2026,Los Angeles Hollywood Bowl Fireworks Spectacular July 3 2026,la-hollywood-bowl-fireworks-july-3-2026,US,CA,Los Angeles,Hollywood Bowl,"2301 N Highland Ave, Los Angeles, CA",2026-07-03T19:30:00-07:00,2026-07-03T21:30:00-07:00,America/Los_Angeles,stadium-fireworks,confirmed,false,https://www.hollywoodbowl.com/events/performances/4090/2026-07-03/july-fourth-fireworks-spectacular-with-the-beach-boys,Hollywood Bowl,2026-05-26,2026-05-26,Official Hollywood Bowl July Fourth Fireworks Spectacular performance page for July 3.,34.0522,-118.2437,"Use assigned venue seating and arrive before the performance window. | Check Hollywood Bowl instructions for gate and bag policy updates.","Use official Hollywood Bowl parking or shuttle options. | Reserve accessible loading zones only for eligible vehicles.","Use venue shuttle and transit guidance where available. | Plan pickup outside the immediate bowl traffic loop.","Keep aisles and emergency exits clear. | Follow venue staff instructions during post-show departures."
la-hollywood-bowl-fireworks-july-4-2026,Los Angeles Hollywood Bowl Fireworks Spectacular July 4 2026,la-hollywood-bowl-fireworks-july-4-2026,US,CA,Los Angeles,Hollywood Bowl,"2301 N Highland Ave, Los Angeles, CA",2026-07-04T19:30:00-07:00,2026-07-04T21:30:00-07:00,America/Los_Angeles,stadium-fireworks,confirmed,false,https://www.hollywoodbowl.com/events/performances/4091/2026-07-04/july-fourth-fireworks-spectacular-with-the-beach-boys,Hollywood Bowl,2026-05-26,2026-05-26,Official Hollywood Bowl July Fourth Fireworks Spectacular performance page for July 4.,34.0522,-118.2437,"Use assigned venue seating and arrive before the performance window. | Check Hollywood Bowl instructions for gate and bag policy updates.","Use official Hollywood Bowl parking or shuttle options. | Avoid informal curbside pickup near Highland Avenue.","Use venue shuttle and transit guidance where available. | Plan pickup outside the immediate bowl traffic loop.","Keep aisles and emergency exits clear. | Follow venue staff instructions during post-show departures."
houston-riverfront-fireworks-2026,Houston Riverfront Fireworks 2026,houston-riverfront-fireworks-2026,US,TX,Houston,Downtown Riverwalk,"Houston River Walk, Houston, TX",2026-07-04T20:00:00-05:00,2026-07-04T21:15:00-05:00,America/Chicago,community-event,confirmed,true,https://311.houstontx.gov/specialevents/index.html,City of Houston Special Events,2026-05-26,2026-05-26,Houston official-source listing for downtown riverfront display coordination and transit-oriented family support.,29.7604,-95.3698,"Arrive before sunset to claim safe ground-level viewpoints. | Follow city audio updates for route diversions.","Use garages outside the central river district. | Keep lanes clear near event exits.","Use METRO rail and bus interchanges during late-evening return windows. | Avoid driving into downtown one-way control routes.","Remain within approved observation lines and monitor event marshals. | Keep hydration points accessible."
houston-city-center-fireworks-2026,Houston City Center Fireworks 2026,houston-city-center-fireworks-2026,US,TX,Houston,Municipal Plaza,"Downtown Houston, TX",2026-07-04T21:30:00-05:00,2026-07-04T22:10:00-05:00,America/Chicago,public-display,confirmed,true,https://311.houstontx.gov/specialevents/index.html,City of Houston Special Events,2026-05-26,2026-05-26,Secondary Houston public option with city plaza-focused official updates.,29.7604,-95.3698,"Prioritize main viewing routes and family service points. | Check official notices for any emergency lane restrictions.","Choose structured parking and avoid curbside festival parking. | Have backup transit options in mind if road lanes close.","Use guided transit routes and avoid ad-hoc ride requests at peak points. | Return by METRO early to reduce station congestion.","Stay with family groups after the first countdown. | Follow official security team instructions promptly."
austin-zilker-park-fireworks-2026,Austin Zilker Park Fireworks 2026,austin-zilker-park-fireworks-2026,US,TX,Austin,Zilker Metropolitan Park,"Zilker Park, Austin, TX",2026-07-04T20:45:00-05:00,2026-07-04T21:45:00-05:00,America/Chicago,festival,confirmed,true,https://www.austintexas.gov/,City of Austin,2026-05-26,2026-05-26,Austin municipal-facing verified schedule for a major Independence Day evening family window.,30.2672,-97.7431,"Use lower park sectors for shaded family sections. | Check crowd advisories before selecting a side of the stage route.","Remote lots plus shuttle routes are often preferable on peak hours. | Arrive early and avoid event-day gridlock.","CAPS and bus options reduce parking pressure around Zilker Park. | Follow any municipal lane changes posted after 6 PM.","Respect park perimeter controls and medical aid stations. | Secure valuables and keep children visible."
miami-bayfront-fireworks-2026,Miami Bayfront Fireworks 2026,miami-bayfront-fireworks-2026,US,FL,Miami,Bayfront Park,"Bayfront Park, Miami, FL",2026-07-04T20:45:00-04:00,2026-07-04T21:45:00-04:00,America/New_York,public-display,confirmed,true,https://www.miamiandbeaches.com/press-and-media/miami-press-releases/gmcvb-spotlight-america-s-250th-anniversary,Greater Miami and Miami Beach Official Tourism,2026-05-26,2026-05-26,City-backed Bayfront park-area viewing with municipal notices and crowd controls for July 4.,25.7617,-80.1918,"Use windward-facing sections for better sound and view balance. | Arrive early if waterfront gates open later.","Use parking garages and avoid street-side occupancy windows. | Follow lane changes during public transportation peaks.","Plan to use Metrorail and designated bus transfer stops. | Walk only through managed pedestrian routes.","Hold rain jackets for late-evening gusts. | Observe official shoreline safety barriers."
miami-beach-4th-of-july-fireworks-2026,Miami Beach 4th of July Fireworks 2026,miami-beach-4th-of-july-fireworks-2026,US,FL,Miami,Lummus Park,"Lummus Park, Miami Beach, FL",2026-07-04T21:00:00-04:00,2026-07-04T22:00:00-04:00,America/New_York,public-display,confirmed,true,https://www.miamibeachfl.gov/,City of Miami Beach,2026-05-26,2026-05-26,Miami Beach-side official event option near Lummus Park with marine and transit notices.,25.7617,-80.1918,"Choose a stable vantage above the seawall edges. | Watch for city announcements about temporary closures.","Look for approved municipal lots and avoid beach-side street spillover. | Consider rideshare drop-off zones over driving in.","Use transit and walking routes after sunset to reduce local congestion. | Keep emergency routes clear for first-aid access.","Secure children and keep groups together near the shoreline. | Respect temporary wet weather and weather advisories."
tampa-harborfront-fireworks-2026,Tampa Harborfront Fireworks 2026,tampa-harborfront-fireworks-2026,US,FL,Tampa,Waterfront Plaza,"Tampa Riverwalk, Tampa, FL",2026-07-04T20:00:00-04:00,2026-07-04T21:15:00-04:00,America/New_York,public-display,confirmed,true,https://www.tampa.gov/calendar,City of Tampa,2026-05-26,2026-05-26,Tampa municipal-side independent event window along the riverfront promenade.,27.9506,-82.4572,"Use elevated sidewalks for better cross-river visibility. | Avoid temporary pedestrian choke points before dark.","Use central garages and official drop-off points. | Plan two return routes in case one is one-way by late evening.","Ride HART routes to reduce surface-level pressure near riverfront gates. | Coordinate rides for group departures in advance.","Do not cross barricades for unauthorized camera angles. | Keep hydration and rain protection available."
chicago-lakefront-fireworks-2026,Chicago Lakefront Fireworks 2026,chicago-lakefront-fireworks-2026,US,IL,Chicago,Lakefront Walk,"Lake Michigan Waterfront, Chicago, IL",2026-07-04T21:00:00-05:00,2026-07-04T22:00:00-05:00,America/Chicago,public-display,confirmed,true,https://navypier.org/pier-events/independence-day-fireworks/,Navy Pier,2026-05-26,2026-05-26,Chicago official-source shoreline listing for a public waterfront July 4 fireworks window.,41.8781,-87.6298,"Use main lakeside promenades for line-of-sight clarity. | Check municipal channels for temporary closures.","Reserve nearby garages before event night. | Use park-and-ride or bus lanes where available.","Use local rail and bus service for reliable post-event movement. | Watch for temporary reroutes after 8 PM.","Remain in grouped family zones in crowded sections. | Protect sensitive equipment from weather exposure."
chicago-grant-park-fireworks-2026,Chicago Grant Park Summer Fireworks 2026,chicago-grant-park-fireworks-2026,US,IL,Chicago,Grant Park,"Grant Park, Chicago, IL",2026-07-04T20:30:00-05:00,2026-07-04T22:00:00-05:00,America/Chicago,festival,confirmed,true,https://navypier.org/pier-events/independence-day-fireworks/,Navy Pier,2026-05-26,2026-05-26,Grant Park-centered community display listing for family viewing and urban transit coordination.,41.8781,-87.6298,"Arrive before the official gates for stable sighting angles. | Use accessible entry points when possible.","City lots fill quickly; consider distant parking. | Avoid premium event roads near park entrances.","Use the elevated rail options for both arrival and departure. | Confirm station service changes in advance.","Follow municipal announcements for security sweeps. | Stay hydrated and keep children informed of exit routes."
washington-4th-of-july-parade-2026,Washington D.C. Night Parade and Fireworks 2026,washington-4th-of-july-parade-2026,US,DC,Washington,National Mall,"Washington, DC",2026-07-04T17:00:00-04:00,2026-07-04T22:00:00-04:00,America/New_York,festival,confirmed,true,https://america250.org,America250 Program,2026-05-26,2026-05-26,A verified public schedule combining parade and citywide fireworks coordination in Washington.,38.9072,-77.0369,"Keep an early departure buffer before the evening concentration window. | Use pre-defined public rest points while waiting.","Take transit to avoid downtown parking pressure. | Arrive at pickup points during open lane windows.","Use Metro Metro lines with verified crowd-control alerts. | Plan walking routes to avoid security checkpoints during peak return windows.","Avoid restricted federal areas and stay within approved public zones. | Follow official crowd-management guidance and re-route announcements."
americas-250-parade-2026,America250 July 4th Parade,america250-parade-2026,US,DC,Washington,National Mall,"Washington, DC",2026-07-04T18:00:00-04:00,2026-07-04T21:00:00-04:00,America/New_York,festival,confirmed,true,https://america250.org,America250 Program,2026-04-22,2026-05-25,Nationwide celebration week linked to regional displays around the capital.,38.9072,-77.0369,"Use official crowd maps for nearest accessible points. | Bring weather-ready gear.","No large overnight parking expected; use nearby transit hubs.","Take Metro and connect to key stop exits by preplanned route.","Do not block emergency lanes. | Keep children within a marked family grouping."
boston-pops-fireworks-spectacular-2026,Boston Pops Fireworks Spectacular 2026,boston-pops-fireworks-spectacular-2026,US,MA,Boston,Charles River Esplanade (DCR Hatch Shell),"DCR Hatch Shell, Boston, MA",2026-07-04T20:00:00-04:00,2026-07-04T23:00:00-04:00,America/New_York,festival,confirmed,true,https://www.bostonpopsjuly4th.org/,Boston Pops July 4th Fireworks Spectacular,2026-05-30,2026-05-30,Official Boston Pops July 4 concert and fireworks over the Charles River from the DCR Hatch Shell.,42.3601,-71.0589,"Use official Esplanade entry points and arrive before evening crowd peaks. | Pick a riverside zone with a clear exit path before the concert ends. | Oval seating at the Hatch Shell requires a free pass; use the Cambridge Memorial Drive bank as the unticketed alternative.","Use transit-first planning because nearby garages and roadways fill early. | Boston Common Garage and Prudential Center garages are practical downtown options, but expect long exit delays. | Avoid stopping on bridges, Storrow Drive, or emergency access roads.","Use MBTA service and walk from marked stations. | MBTA Red Line at Charles/MGH is closest to the Esplanade; Green Line at Arlington works for the Public Garden side. | Plan a post-event wait buffer before leaving the riverfront.","Follow posted security screening and bag rules. | Keep family groups together near river barriers. | Allow extra time for Hatch Shell oval screening before the evening program."
philadelphia-wawa-welcome-america-fireworks-2026,Philadelphia Wawa Welcome America Fireworks 2026,philadelphia-wawa-welcome-america-fireworks-2026,US,PA,Philadelphia,Benjamin Franklin Parkway,"Benjamin Franklin Parkway, Philadelphia, PA",2026-07-04T19:00:00-04:00,2026-07-04T22:30:00-04:00,America/New_York,festival,confirmed,true,https://july4thphilly.com/,Wawa Welcome America Official Site,2026-05-26,2026-05-26,Official Philadelphia Independence Day festival and fireworks source for 2026.,39.9526,-75.1652,"Use Parkway viewing areas with signed pedestrian flow. | Check the official schedule for concert and fireworks timing.","Avoid driving directly into the Parkway closure area. | Use garages outside the security footprint and walk in.","Use SEPTA service and confirm holiday schedules before departure. | Plan a secondary station in case post-show crowds are held.","Respect event screening zones and medical access lanes. | Keep water available during the daytime festival window."
orlando-fireworks-at-the-fountain-2026,Orlando Fireworks at the Fountain 2026,orlando-fireworks-at-the-fountain-2026,US,FL,Orlando,Lake Eola Park,"512 E Washington St, Orlando, FL 32801",2026-07-04T16:00:00-04:00,2026-07-04T22:00:00-04:00,America/New_York,festival,confirmed,true,https://www.orlando.gov/Events/Fireworks-at-the-Fountain-2026,City of Orlando,2026-05-30,2026-05-30,City of Orlando's official 2026 July 4 Fireworks at the Fountain event at Lake Eola Park.,28.5383,-81.3792,"Choose a Lake Eola side with shade before the evening crowd builds. | East side of the lake along Eola Drive has strong Linton E. Allen Fountain framing. | Constitution Green stays quieter for families if waterfront lawns close.","Use downtown garages and walk to the park perimeter. | Library Central, City Hall, and CNL garages are practical downtown options for event parking. | Avoid stopping on local roads near lake access points.","Use SunRail and local bus connections when available. | LYNX Lymmo Orange Line connects to the City Hall stop. | Expect short walking routes to be busier after the show.","Stay out of restricted lake-edge areas. | Follow park staff directions around temporary barriers. | The park is a no-fly zone for drones during the event."
addison-kaboom-town-2026,Addison Kaboom Town 2026,addison-kaboom-town-2026,US,TX,Addison,Addison Circle Park,"Addison Circle Park, Addison, TX",2026-07-03T17:00:00-05:00,2026-07-03T23:00:00-05:00,America/Chicago,festival,confirmed,true,https://addisonkaboomtown.com/,Addison Kaboom Town Official Site,2026-05-26,2026-05-26,Official Addison Kaboom Town celebration with fireworks and festival programming.,32.9618,-96.8292,"Arrive before dinner hours if you want park-adjacent viewing. | Use official venue maps for entry and exit points.","Reserve parking early or use designated remote options. | Avoid neighborhood overflow parking unless it is explicitly allowed.","Use rideshare or shuttle guidance from the official event site. | Plan pickup locations away from Addison Circle congestion.","Follow event staff instructions during the airshow and fireworks windows. | Keep children away from temporary traffic lanes."
provo-stadium-of-fire-2026,Provo Stadium of Fire 2026,provo-stadium-of-fire-2026,US,UT,Provo,LaVell Edwards Stadium,"LaVell Edwards Stadium, Provo, UT",2026-07-04T20:00:00-06:00,2026-07-04T22:30:00-06:00,America/Denver,stadium-fireworks,confirmed,false,https://www.freedomfestival.org/event/stadium-of-fire/,America's Freedom Festival,2026-05-26,2026-05-26,Official Stadium of Fire event listing for Provo's 2026 Independence Day show.,40.2569,-111.6552,"Use assigned seating details from the official event page. | Arrive before the headline show window to clear stadium entry.","Use official stadium parking and shuttle instructions. | Avoid residential parking unless signs allow it.","Plan rideshare pickup outside the immediate stadium traffic loop. | Expect post-event exits to move in staged waves.","Follow stadium bag and entry rules. | Keep aisles and emergency exits clear."
westfield-rocks-the-4th-2026,Westfield Rocks the 4th 2026,westfield-rocks-the-4th-2026,US,IN,Westfield,Grand Park Sports Campus,"Grand Park Sports Campus, Westfield, IN",2026-07-04T18:00:00-04:00,2026-07-04T22:30:00-04:00,America/Indiana/Indianapolis,festival,confirmed,true,https://www.westfieldin.gov/399/Westfield-Rocks-The-4th,City of Westfield,2026-05-26,2026-05-26,Official Westfield Rocks the 4th event page for 2026 holiday programming.,40.0428,-86.1275,"Use Grand Park wayfinding to pick a family viewing field. | Confirm event field access before setting blankets or chairs.","Follow posted Grand Park parking entrances. | Leave extra time for campus traffic after the fireworks.","Coordinate pickup outside the main campus loop. | Use signed pedestrian paths between lots and viewing fields.","Follow city staff and public safety announcements. | Do not cross closed sports fields or service roads."
fort-lupton-independence-day-festival-2026,Fort Lupton Independence Day Festival 2026,fort-lupton-independence-day-festival-2026,US,CO,Fort Lupton,Community Center Park,"Fort Lupton, CO",2026-07-04T16:00:00-06:00,2026-07-04T22:00:00-06:00,America/Denver,festival,confirmed,true,https://www.fortluptonco.gov/471/Independence-Day-Festival,City of Fort Lupton,2026-05-26,2026-05-26,Official city page for Fort Lupton's 2026 Independence Day Festival.,40.0833,-104.8136,"Use city-designated park spaces for the fireworks window. | Bring low chairs that do not block nearby family sightlines.","Use city lots and avoid blocking neighborhood driveways. | Keep emergency access lanes open near the park.","Arrange pickup away from the closest park entrance. | Follow signed pedestrian routes when leaving after dark.","Respect temporary park closures and staff directions. | Keep pets secured during loud fireworks."
graeagle-fireworks-2026,Graeagle Fireworks 2026,graeagle-fireworks-2026,US,CA,Graeagle,Graeagle Mill Pond,"Graeagle, CA",2026-07-04T21:30:00-07:00,2026-07-04T22:15:00-07:00,America/Los_Angeles,public-display,confirmed,true,https://graeaglefireworks.org/,Graeagle Fireworks,2026-05-26,2026-05-26,Official Graeagle Fireworks page for the 2026 community display.,39.7321,-120.6943,"Use established public viewing areas around the pond and town center. | Arrive early because rural access roads can slow down before dusk.","Use posted public parking and avoid blocking local business access. | Prepare for slower departures on two-lane roads.","Coordinate group arrival in one vehicle where possible. | Keep pickup points away from fire and emergency staging areas.","Follow local fire-safety notices in dry conditions. | Stay clear of launch and restricted shoreline areas."
gypsum-independence-day-fireworks-2026,Gypsum Independence Day Fireworks 2026,gypsum-independence-day-fireworks-2026,US,CO,Gypsum,Lundgren Amphitheater,"Gypsum, CO",2026-07-03T20:00:00-06:00,2026-07-03T22:15:00-06:00,America/Denver,public-display,confirmed,true,https://www.townofgypsum.com/2026-07-03-independence-day-fireworks,Town of Gypsum,2026-05-26,2026-05-26,Official Town of Gypsum Independence Day fireworks listing for 2026.,39.6478,-106.9489,"Use town-approved viewing areas near the amphitheater and park spaces. | Check the official page for weather or fire restriction updates.","Use signed lots and avoid residential shoulders. | Leave room for emergency vehicle movement near event roads.","Carpool where possible because mountain-town parking can fill quickly. | Plan a patient exit after the fireworks window.","Respect fire restrictions and local law enforcement directions. | Keep children close during dark walking routes."
north-myrtle-beach-july-fourth-fireworks-2026,North Myrtle Beach July Fourth Fireworks 2026,north-myrtle-beach-july-fourth-fireworks-2026,US,SC,North Myrtle Beach,Cherry Grove Pier,"Cherry Grove Pier, North Myrtle Beach, SC",2026-07-04T21:30:00-04:00,2026-07-04T22:15:00-04:00,America/New_York,public-display,confirmed,true,https://parks.nmb.us/788/July-Fourth-Fireworks,North Myrtle Beach Parks and Recreation,2026-05-26,2026-05-26,Official North Myrtle Beach July Fourth fireworks listing for 2026.,33.8157,-78.68,"Choose a public beach access with a clear return route. | Avoid crowding pier access points before the show.","Use legal beach parking and observe posted tow-away zones. | Expect longer walks from open lots close to showtime.","Coordinate pickup away from the immediate pier area. | Walk with lights after dark and use marked crossings.","Respect dune and beach safety restrictions. | Keep groups together in crowded shoreline sections."
rockville-independence-day-celebration-2026,Rockville Independence Day Celebration 2026,rockville-independence-day-celebration-2026,US,MD,Rockville,Mattie J.T. Stepanek Park,"Mattie J.T. Stepanek Park, Rockville, MD",2026-07-04T19:00:00-04:00,2026-07-04T22:00:00-04:00,America/New_York,festival,confirmed,true,https://www.rockvillemd.gov/services/independence-day-celebration/,City of Rockville,2026-05-26,2026-05-26,Official City of Rockville Independence Day celebration page for 2026.,39.084,-77.1528,"Use official park entry guidance and arrive before the music window. | Choose a viewing area with an exit route to nearby sidewalks.","Follow city parking instructions and avoid blocking neighborhoods. | Leave extra time for pedestrian-heavy exits.","Use local transit or rideshare pickup outside park congestion. | Plan a secondary pickup point after the fireworks.","Follow city police and event staff instructions. | Keep blankets and chairs out of emergency lanes."
college-station-i-heart-america-2026,College Station I Heart America 2026,college-station-i-heart-america-2026,US,TX,College Station,Wolf Pen Creek Park,"Wolf Pen Creek Park, College Station, TX",2026-07-04T18:00:00-05:00,2026-07-04T22:00:00-05:00,America/Chicago,festival,confirmed,true,https://www.cstx.gov/parks-recreation-culture/events/community-events/i-heart-america/,City of College Station,2026-05-26,2026-05-26,Official City of College Station I Heart America event page for 2026.,30.628,-96.3344,"Use Wolf Pen Creek viewing lawns and keep sidewalks open. | Check the official page for any activity or timing updates.","Use designated event lots and avoid nearby private lots. | Expect slower exits from park-adjacent roads after fireworks.","Coordinate rideshare pickup outside the park road loop. | Use signed walking paths between lots and event areas.","Respect park rules and event staff announcements. | Bring water and sun protection for early arrivals."
baytown-fourth-of-july-celebration-2026,Baytown Fourth of July Celebration 2026,baytown-fourth-of-july-celebration-2026,US,TX,Baytown,Bicentennial Park,"Bicentennial Park, Baytown, TX",2026-07-04T18:00:00-05:00,2026-07-04T22:00:00-05:00,America/Chicago,festival,confirmed,true,https://www.baytown.org/778/4th-of-July-Celebration,City of Baytown,2026-05-26,2026-05-26,Official City of Baytown Fourth of July Celebration source for 2026.,29.7355,-94.9774,"Use official park viewing zones and arrive before the headline window. | Keep walkways clear for families moving between activities.","Follow city parking instructions and posted street controls. | Use designated lots rather than informal curbside parking.","Plan pickup points away from the park exits. | Allow extra time for post-event road controls.","Follow city staff directions and safety announcements. | Do not cross restricted activity or launch zones."
dallas-klyde-warren-park-independence-day-2026,Dallas Klyde Warren Park Independence Day 2026,dallas-klyde-warren-park-independence-day-2026,US,TX,Dallas,Klyde Warren Park,"Klyde Warren Park, Dallas, TX",2026-07-04T19:00:00-05:00,2026-07-04T22:00:00-05:00,America/Chicago,community-event,confirmed,true,https://www.klydewarrenpark.org/independence-day,Klyde Warren Park,2026-05-26,2026-05-26,Official Klyde Warren Park Independence Day event page for Dallas.,32.7767,-96.797,"Use park lawns with clear views toward the show area. | Arrive early because central Dallas park space is limited.","Use downtown garages and walk from outside the park perimeter. | Avoid pickup stops on Woodall Rodgers frontage roads.","Use DART and nearby downtown stops where possible. | Plan a post-event walking route before the crowd leaves.","Follow park staff and public safety directions. | Keep blankets and chairs out of main pathways."
midland-star-spangled-salute-2026,Midland Star-Spangled Salute 2026,midland-star-spangled-salute-2026,US,TX,Midland,Downtown Midland,"Downtown Midland, TX",2026-07-04T18:00:00-05:00,2026-07-04T22:00:00-05:00,America/Chicago,festival,confirmed,true,https://www.midlandtxchamber.com/salute/,Midland Chamber of Commerce,2026-05-26,2026-05-26,Official Star-Spangled Salute source for Midland's 2026 Independence Day event.,31.9974,-102.0779,"Use official downtown activity zones and arrive before concert crowds. | Keep a backup viewing spot if central lawns fill.","Use downtown lots outside the main festival footprint. | Avoid blocking event vendor and emergency access paths.","Coordinate pickup away from the busiest downtown intersections. | Plan slower post-event departures from central streets.","Follow event staff instructions and street closure signs. | Keep water available during hot evening conditions."
nyc-fourth-of-july-traffic-and-viewing-guidance-2026,NYC July 4th Traffic and Viewing Guidance 2026,nyc-fourth-of-july-traffic-and-viewing-guidance-2026,US,NY,New York City,Lower Manhattan and Brooklyn viewing zones,"Lower East Side and Brooklyn Waterfront, New York, NY",2026-07-04T18:00:00-04:00,2026-07-04T22:00:00-04:00,America/New_York,community-event,confirmed,true,https://www.nyc.gov/site/nypd/news/pr0702/nypd-fourth-of-july-security-plan,NYC Police Department,2026-05-27,2026-05-27,NYPD security advisory and transit guidance for the official New York City Fourth of July fireworks period.,40.7128,-74.006,"Choose viewing zones with known police and city guidance points. | Expect temporary closures near official waterfront gathering streets.","Plan no-stopping zones early because of weekend road controls. | Use transit and walking routes over downtown arterial approaches.","Use Metro and express lines to avoid blocked surface lanes. | Confirm the official city updates in the afternoon before arrival.","Follow official closure signs around Manhattan and Brooklyn edges. | Return to transportation hubs in calm phases after the show window."
san-francisco-july-4th-fireworks-night-2026,San Francisco July 4th Waterfront 2 2026,san-francisco-july-4th-fireworks-night-2026,US,CA,San Francisco,Navy Pier and Waterfront,"San Francisco Waterfront, SF, CA",2026-07-04T22:00:00-07:00,2026-07-05T00:00:00-07:00,America/Los_Angeles,public-display,confirmed,true,https://www.sfport.com/blog/july4,Port of San Francisco,2026-05-30,2026-05-30,Second practical SF viewing window tied to the city's official July 4 coordination page.,37.7749,-122.4194,"Use the waterfront lane plan and city-side staff directions. | Avoid the narrowest streets after the main show time.","Arrive before the family peak period in the early evening. | Use designated public parking lots and avoid curfew-restricted roads.","Use transit over downtown bridges if available. | Check in with station notices near the show window.","Follow official barrier and perimeter signs. | Keep family members together when leaving the waterfront."
la-hollywood-bowl-evening-fairgrounds-2026,Los Angeles July 4th Stage Program 2026,la-hollywood-bowl-evening-fairgrounds-2026,US,CA,Los Angeles,Hollywood Bowl Stage Access,"Hollywood Bowl, Los Angeles, CA",2026-07-03T19:00:00-07:00,2026-07-03T23:30:00-07:00,America/Los_Angeles,festival,confirmed,false,https://www.hollywoodbowl.com/events/performances/4090/2026-07-03/july-fourth-fireworks-spectacular-with-the-beach-boys,Hollywood Bowl,2026-05-27,2026-05-27,Night-side July 3 preview program linked to the official July 4 celebration page.,34.0522,-118.2437,"Choose seats aligned with official stage and approach zones. | Use venue staff for queue and crowd control directions.","Use official parking guidance on the event page. | Plan drop-off timing for the late evening arrival window.","Use the preferred event transport routes listed by venue staff. | Consider ride-share pickup points away from gates at show end.","Follow all posted age and item restrictions. | Keep children close during gate openings after dark."
rowlett-fireworks-on-main-2026,Rowlett Fireworks on Main 2026,rowlett-fireworks-on-main-2026,US,TX,Rowlett,Rowlett Main Street Area,"Rowlett, TX",2026-07-04T17:00:00-05:00,2026-07-04T22:00:00-05:00,America/Chicago,festival,confirmed,true,https://www.rowletttx.gov/780/Fireworks-on-Main,City of Rowlett,2026-05-27,2026-05-27,Official Rowlett city page confirms a public fireworks celebration on July 4th.,32.9029,-96.5639,"Arrive early to secure family seating near the main viewing route. | Check the city page for temporary road and crowd-control updates.","Use official suggested parking zones and avoid side streets. | Plan outbound routes before the firework window ends.","Use nearby transit hubs if you are crossing river-side corridors. | Avoid last-minute lane changes as the show window approaches.","Do not ignore barricades and staff rerouting instructions. | Keep clear lanes for emergency access vehicles."
rowlett-fireworks-on-main-evening-2026,Rowlett Fireworks on Main Evening Edition 2026,rowlett-fireworks-on-main-evening-2026,US,TX,Rowlett,Rowlett Main Street Area,"Rowlett, TX",2026-07-04T18:00:00-05:00,2026-07-04T22:00:00-05:00,America/Chicago,community-event,confirmed,true,https://www.rowletttx.gov/780/Fireworks-on-Main,City of Rowlett,2026-05-27,2026-05-27,Evening segment for the Rowlett Fireworks on Main event family window.,32.9029,-96.5639,"Use the recommended viewing blocks listed in city guidance. | Allow for longer wait and cleanup time after 8:30 pm.","Keep to designated pickup routes after the finale. | Prefer lots with posted family access lanes.","Coordinate shared rides for post-event dispersal. | Confirm final walk-back routes in advance.","Keep group members connected during crowd density shifts. | Do not cross temporary barriers around stage setups."
desoto-250th-independence-day-celebration-2026,DeSoto 250th Independence Day Celebration 2026,desoto-250th-independence-day-celebration-2026,US,TX,DeSoto,Grimes Park,"Grimes Park, DeSoto, TX",2026-07-04T18:00:00-05:00,2026-07-04T21:00:00-05:00,America/Chicago,festival,confirmed,true,https://www.desototexas.gov/723/July-4th-Fireworks-Celebration,City of DeSoto,2026-05-27,2026-05-27,"Official DeSoto city celebration event for July 3–4, 2026.",32.5896,-96.857,"Use the family zone recommendations before 8 pm crowds peak. | Check vendor and ride program timing in the city schedule.","Use event-approved parking lots and avoid temporary road closures. | Keep an exit-first route if a street concert spills over.","Share a ride plan with companions before showtime. | Plan slower traffic handling around Academy Way exits.","Keep children with adult supervision during late arrivals. | Follow official staff announcements for fireworks and crowd flow."
desoto-fam-bbq-and-fireworks-2026,DeSoto Family Reunion BBQ & Fireworks 2026,desoto-fam-bbq-and-fireworks-2026,US,TX,DeSoto,McCowan Park,"McCowan Park, DeSoto, TX",2026-07-03T08:00:00-05:00,2026-07-03T18:00:00-05:00,America/Chicago,community-event,confirmed,true,https://www.desototexas.gov/723/July-4th-Fireworks-Celebration,City of DeSoto,2026-05-27,2026-05-27,Pre-fireworks community celebration and family activities on July 3rd in DeSoto.,32.5896,-96.857,"Arrive near the early-time family activity zone for food and shade. | Use the city event flow to move toward evening viewing later.","Use park-approved access roads for both morning and evening attendance. | Reserve a buffer for possible BBQ and competition set-up congestion.","Coordinate pick-up and drop-off in the morning and evening windows. | Walk grouped routes are safer for multiple children after activities.","Follow official event staff regarding BBQ and stage-area restrictions. | Avoid crowded cross points near food and game zones."
flower-mound-independence-fest-2026,Flower Mound Independence Fest 2026,flower-mound-independence-fest-2026,US,TX,Flower Mound,Flower Mound Community Grounds,"Flower Mound, TX",2026-07-04T11:00:00-05:00,2026-07-04T18:00:00-05:00,America/Chicago,festival,confirmed,true,https://www.flowermound.gov/731/Independence-Fest,Town of Flower Mound,2026-05-27,2026-05-27,Official Flower Mound Independence Fest source with festival and family activities.,33.0146,-97.097,"Use the town guide to identify the best family-viewing side streets. | Choose shaded areas for the longer daytime program.","Reserve official lot options listed by the town event page. | Prepare for weekend street-control shifts near the finale.","Prefer shared transport for early program participants. | Match pickup points with posted one-way exit flow.","Follow town event volunteers for crowd line guidance. | Keep children with wristbanded family contacts."
flower-mound-evening-fireworks-2026,Flower Mound Evening Fireworks 2026,flower-mound-evening-fireworks-2026,US,TX,Flower Mound,Flower Mound Downtown Route,"Flower Mound, TX",2026-07-04T18:00:00-05:00,2026-07-04T21:00:00-05:00,America/Chicago,community-event,confirmed,true,https://www.flowermound.gov/731/Independence-Fest,Town of Flower Mound,2026-05-27,2026-05-27,Evening-facing community segment for Flower Mound's 2026 Independence Fest.,33.0146,-97.097,"Use documented community routes for better viewing angles. | Set a two-exit fallback route for post-show dispersal.","Park outside the densest lanes and walk in through guidance points. | Coordinate ride-share departures near official lots.","Group your family for one pickup dispatch at fireworks end. | Stay on posted sidewalks and avoid unauthorized road shortcuts.","Respect temporary perimeter staff when the fireworks begin. | Avoid crossing active street-management points."
tomball-4th-street-fest-2026,Tomball July 4th Celebration and Street Fest 2026,tomball-4th-street-fest-2026,US,TX,Tomball,Business Highway 249 Corridor,"Tomball, TX",2026-07-04T18:00:00-05:00,2026-07-04T21:00:00-05:00,America/Chicago,festival,confirmed,true,https://www.tomballtx.gov/?mobile=ON&nid=1,City of Tomball,2026-05-27,2026-05-27,Official Tomball announcement for the July 4 street-level family celebration.,30.0972,-95.6161,"Use posted downtown gathering points before fireworks timing. | Arrive early for parking and screening coordination.","Use city-listed parking and designated drop-off points. | Avoid curbside-only areas after the 8 pm surge.","Coordinate with others for pooled transportation before closing. | Use the city-recommended routes for the post-show run.","Stay within official cordoned zones. | Follow city announcements for any temporary re-routing."
tomball-liberty-parade-evening-2026,Tomball July 4th Parade and Fireworks 2026,tomball-liberty-parade-evening-2026,US,TX,Tomball,FM 2920 District Area,"Tomball, TX",2026-07-04T18:00:00-05:00,2026-07-04T21:00:00-05:00,America/Chicago,community-event,confirmed,true,https://www.tomballtx.gov/?mobile=ON&nid=1,City of Tomball,2026-05-27,2026-05-27,Parade and public-viewing segment aligned to Tomball's July 4 official city update.,30.0972,-95.6161,"Use parade timing to time your final approach to firework lines. | Stay near exits with better pedestrian continuity.","Park away from the heaviest block closure area. | Plan for staggered departure after the event.","Use pre-arranged drop-off points rather than ad-hoc road crossings. | Reserve shared rides for post-celebration transport.","Keep to marked pedestrian routes during peak exit. | Do not cross between police barricades and temporary barriers."
corona-july-4th-parade-fireworks-2026,Corona July 4th Parade and Fireworks 2026,corona-july-4th-parade-fireworks-2026,US,CA,Corona,Main Street USA,"Main Street USA, Corona, CA",2026-07-04T09:00:00-07:00,2026-07-04T22:00:00-07:00,America/Los_Angeles,festival,confirmed,true,https://community.coronaca.gov/coronaca_main/260142425,City of Corona,2026-05-27,2026-05-27,Official City of Corona page for Main Street USA Independence Day parade and fireworks.,33.8753,-117.5664,"Use official timing for parade and viewing transitions. | Choose spots along the designated parade axis.","Park in official lots and use municipal pickup routes. | Leave extra departure time around 9:30 pm.","Coordinate rides with a group to reduce road congestion. | Use a fixed meeting point away from parade closures.","Follow all city announcements about road closures. | Keep kids closer than a few steps from the crowd edge."
corona-4th-of-july-family-night-2026,Corona July 4th Family Night 2026,corona-4th-of-july-family-night-2026,US,CA,Corona,Main Street USA Main Route,"Main Street USA, Corona, CA",2026-07-04T12:00:00-07:00,2026-07-04T20:00:00-07:00,America/Los_Angeles,community-event,confirmed,true,https://community.coronaca.gov/coronaca_main/260142425,City of Corona,2026-05-27,2026-05-27,Family program segment within Corona's official Independence Day event.,33.8753,-117.5664,"Use daytime family sections before evening crowd concentration. | Track city updates if the finale shifts to a later window.","Use official routes for daytime parking and late-night departure planning. | Reserve exits in advance for the evening return.","Share vehicles for end-of-day pickup. | Use city-recommended walk routes after parade segments.","Keep family contact plans at parade handoff points. | Avoid crossing unofficial crossing points around temporary closures."
sarasota-america-250-july-fourth-2026,Sarasota July 4th Fireworks Celebration 2026,sarasota-america-250-july-fourth-2026,US,FL,Sarasota,Bayfront Park,"Bayfront Park, Sarasota, FL",2026-07-04T21:00:00-05:00,2026-07-04T23:00:00-05:00,America/New_York,festival,confirmed,true,https://www.sarasotafl.gov/Department-Pages/City-Manager/250-America,City of Sarasota,2026-05-27,2026-05-27,Official city celebration for America's 250th includes a July 4 fireworks evening block.,27.3364,-82.5307,"Use the city-approved waterfront access points for late-evening viewing. | Arrive with a quick-release plan if you need a ride-share pickup.","Prefer official Bayfront parking structures. | Allow extra exit time after 9pm.","Use transit where possible to reduce congestion at the end. | Plan fallback pickup points before leaving downtown streets.","Follow city marshal instructions at waterfront perimeter zones. | Leave in small groups to avoid bottlenecks."
dallas-klyde-warren-evening-preview-2026,Dallas Klyde Warren Evening Preview 2026,dallas-klyde-warren-evening-preview-2026,US,TX,Dallas,Klyde Warren Park,"Klyde Warren Park, Dallas, TX",2026-07-04T17:00:00-05:00,2026-07-04T19:00:00-05:00,America/Chicago,community-event,confirmed,true,https://www.klydewarrenpark.org/independence-day,Klyde Warren Park,2026-05-27,2026-05-27,Early-day community programming and access support for Dallas Independence Day planning.,32.7767,-96.797,"Use open lawn stretches before the late crowd phase. | Keep an eye on event staff for movement cues.","Park early in designated lots before evening arrival restrictions. | Use walk-in lanes away from main drop-off points.","Use transit options in the early evening for flexibility. | Match group members at one pickup point.","Avoid entering restricted work zones after sunset. | Follow local staff instructions for crowd management."
chicago-lakefront-second-show-2026,Chicago Lakefront Evening Show 2026,chicago-lakefront-evening-show-2026,US,IL,Chicago,Navy Pier Lakefront,"Navy Pier, Chicago, IL",2026-07-04T21:00:00-05:00,2026-07-04T22:30:00-05:00,America/Chicago,community-event,confirmed,true,https://navypier.org/pier-events/independence-day-fireworks/,Navy Pier,2026-05-27,2026-05-27,Additional practical Chicago lakefront viewing option from the same official event page.,41.8781,-87.6298,"Use the primary pedestrian routes recommended for the show night. | Plan a staggered exit to reduce cross-foot traffic.","Use official garage entries and avoid curbside congestion. | Leave a recovery buffer for shuttle and ride-share access.","Use transit for return if roads are saturated. | Confirm station exits before late-night movement.","Keep close to fellow group members around high-density paths. | Follow security staff in case of lane re-directions."
nashville-let-freedom-sing-2026,Nashville Let Freedom Sing 2026,nashville-let-freedom-sing-2026,US,TN,Nashville,Downtown Nashville riverfront stages,"Downtown Nashville, TN",2026-07-04T13:00:00-05:00,2026-07-04T23:00:00-05:00,America/Chicago,festival,confirmed,true,https://www.nashville.com/event/music-citys-4th-of-july-let-freedom-sing-nashville-tn/,Nashville.com (official partner page),2026-05-27,2026-05-27,Downtown Nashville July 4 celebration featuring official partner programming and fireworks access guidance.,36.1612,-86.7775,"Use main downtown approach roads earlier for easier unloading and safer drop-off. | Follow city crowd-management announcements and lane changes.","Plan for limited parking and use transit when possible. | Have a backup drop-off spot outside the main perimeter.","Use a transit plan that supports return trips after dark. | Check which station exits are closest to your chosen viewing stretch.","Keep family groups together and avoid pushing through temporary barriers. | Prioritize official volunteer instructions for crowd redistribution."
seattle-seafair-fourth-of-july-2026,Seattle Seafair Fourth of July 2026,seattle-seafair-fourth-of-july-2026,US,WA,Seattle,South Lake Union and Gas Works Park,"South Lake Union / Gas Works Park, Seattle, WA",2026-07-04T15:00:00-07:00,2026-07-04T23:00:00-07:00,America/Los_Angeles,festival,confirmed,true,https://www.seafair.org/4th-of-july,Seafair Official,2026-05-27,2026-05-27,Official Seafair 4th of July program in Seattle with multiple family-friendly viewing areas.,47.6477,-122.3262,"Move to your chosen observation spot early and keep an eye on park-area circulation signs. | Monitor official Seafair and local agency updates for closure changes.","Use official parking guidance and shuttle drop-offs to avoid blocked local roads. | Expect demand spikes during the evening approach windows.","Public transit is the safest option for crowd-heavy routes once event traffic builds. | Match your boarding stop to the nearest exit you plan to take from the venue.","Respect restricted marine and shoreline zones until the show begins. | Avoid entering water-adjacent areas after fireworks begin."
las-vegas-strip-fireworks-2026,Las Vegas Strip 4th of July Fireworks 2026,las-vegas-strip-fireworks-2026,US,NV,Las Vegas,Las Vegas Strip resort rooftops,"Las Vegas Boulevard, Las Vegas, NV",2026-07-04T21:00:00-07:00,2026-07-04T21:30:00-07:00,America/Los_Angeles,public-display,confirmed,true,https://www.lvcva.com/,Las Vegas Convention and Visitors Authority,2026-05-27,2026-05-27,"Coordinated Las Vegas Strip resort fireworks on Caesars Palace, Aria, MGM Grand, and The STRAT for July 4.",36.1147,-115.1728,"The Tropicana/Las Vegas Boulevard pedestrian bridge gives a 270-degree sightline of three resort launches. | Resort pool decks and rooftop bars sell same-day capacity passes that lock at 6pm.","Strip self-parking fills by 4pm; Linq and Sahara West are the latest to fill. | Las Vegas Boulevard closes to vehicles 8pm to 1am — leave the car off-Strip.","RTC Deuce double-decker buses crawl after 8pm; board north of Spring Mountain. | Las Vegas Monorail runs every 7 minutes through 1am.","Strip sidewalks become single-lane after 9pm — keep groups single-file. | Hydrate; nighttime Mojave heat still reaches 95°F in July."
las-vegas-downtown-fireworks-2026,Las Vegas Downtown Fremont Fireworks 2026,las-vegas-downtown-fremont-fireworks-2026,US,NV,Las Vegas,Fremont Street Experience,"Fremont Street, Las Vegas, NV 89101",2026-07-04T22:00:00-07:00,2026-07-04T22:20:00-07:00,America/Los_Angeles,community-event,confirmed,true,https://vegasexperience.com/,Fremont Street Experience,2026-05-27,2026-05-27,Downtown Las Vegas rooftop pyrotechnic show over the Fremont Street Experience canopy.,36.1716,-115.1391,"The Container Park rooftop lounge stays open until 1am with an unobstructed northeast view. | Plaza Hotel pool deck is the only family-friendly elevated view downtown.","Downtown garages (Plaza, Golden Nugget, Main Street Station) post real-time capacity on their websites. | Avoid Las Vegas Boulevard north of Sahara — closures begin at 6pm.","RTC Deuce stops at the Fremont Street Experience south entrance. | Ride-share lots are designated on 8th Street; pickup queues run 45 minutes after the show.","Fremont Street pedestrian flow reverses one-way (east) immediately after the show. | Heat advisories often remain in effect through 11pm — watch for heat exhaustion in children."
reno-star-spangled-2026,Reno Star Spangled Sparks 2026,reno-star-spangled-sparks-2026,US,NV,Reno,Sparks Marina Park,"Sparks Marina Park, Sparks, NV",2026-07-04T21:30:00-07:00,2026-07-04T22:00:00-07:00,America/Los_Angeles,community-event,confirmed,true,https://www.cityofsparks.us/,City of Sparks,2026-05-27,2026-05-27,Reno-Sparks July 4 fireworks launch over Sparks Marina with lakeside family viewing.,39.5296,-119.8138,"Sparks Marina east shoreline keeps the launch in view for the full 30 minutes. | Downtown Reno West Street rooftops offer a backup view if the marina fills.","Marina parking fills by 7pm; overflow uses I-580 Vista Boulevard exit lots. | Free shuttle from Reno-Sparks Convention Center runs every 15 minutes.","RTC Ride routes 11 and 24 reroute around the marina from 5pm.","Smoke from regional wildfires can shift the wind line — keep masks for sensitive groups."
atlanta-centennial-olympic-park-fourth-2026,Atlanta Fourth in the Park 2026,atlanta-fourth-in-the-park-2026,US,GA,Atlanta,Centennial Olympic Park,"265 Park Ave W NW, Atlanta, GA 30313",2026-07-04T21:30:00-04:00,2026-07-04T22:00:00-04:00,America/New_York,community-event,confirmed,true,https://www.gwcca.org/centennial-olympic-park/,Georgia World Congress Center Authority,2026-05-27,2026-05-27,Centennial Olympic Park hosts Atlanta's flagship Independence Day fireworks with downtown skyline viewing.,33.749,-84.388,"The Northwest Quadrant lawn under the Olympic Rings has the cleanest line to the launch barge. | Mercedes-Benz Stadium's public courtyard remains open during Falcons home weeks.","Park-and-Ride from Lakewood Amphitheatre is the safest evening option. | GWCCA garages reserve 60% capacity for July 4 — book ParkATL the morning of.","MARTA Red and Gold lines exit at Five Points and CNN Center. | Trains run on the Saturday schedule with two added late-night trips after fireworks.","Park access closes at 90% capacity; check the park's social channels for status updates. | Hydration tents are at the SkyView Atlanta corner and the Hilton plaza."
atlanta-lenox-square-fireworks-2026,Atlanta Lenox Square Fireworks 2026,atlanta-lenox-square-fireworks-2026,US,GA,Atlanta,Lenox Square,"3393 Peachtree Rd NE, Atlanta, GA 30326",2026-07-04T21:30:00-04:00,2026-07-04T22:00:00-04:00,America/New_York,community-event,confirmed,true,https://www.simon.com/mall/lenox-square,Lenox Square (Simon Property Group),2026-05-27,2026-05-27,Buckhead's annual Independence Day fireworks launch from Lenox Square with rooftop and street viewing.,33.846,-84.3624,"The Lenox Road overpass at MARTA Lenox station gives a free elevated view. | Bloomingdale's parking deck opens its top floor to the public starting at 7pm.","Peachtree Road closes between Lenox and East Paces Ferry at 8pm. | Phipps Plaza valet ($25) accepts walk-ups after 6pm.","MARTA Red Line exits directly into the mall — easiest evening option.","Crowd dispersal after the show concentrates at the Lenox station entrance — use the East Paces exit instead."
stone-mountain-laser-fireworks-2026,Stone Mountain Laser Show and Fireworks 2026,stone-mountain-laser-fireworks-2026,US,GA,Stone Mountain,Stone Mountain Park Memorial Lawn,"1000 Robert E Lee Blvd, Stone Mountain, GA 30083",2026-07-04T21:30:00-04:00,2026-07-04T22:30:00-04:00,America/New_York,festival,confirmed,true,https://stonemountainpark.com/,Stone Mountain Park,2026-05-27,2026-05-27,Stone Mountain Park combines a nightly laser show with extended Independence Day fireworks for the holiday weekend.,33.8053,-84.1454,"Memorial Lawn front rows fill by 6pm — arrive on the SkyHike trail loop early. | Crossroads Plaza is the best stroller-accessible viewing point.","Park entrance ($20) caps capacity by 4pm on July 4. | No outside food past the Memorial Lawn checkpoint.","No public transit access — Stone Mountain Park is car-only or rideshare with $40 LZ surcharge.","Heat and humidity warnings are common — shaded pavilions are first-come, first-served."
savannah-fireworks-river-2026,Savannah Independence Day Fireworks 2026,savannah-independence-day-fireworks-2026,US,GA,Savannah,River Street,"River Street, Savannah, GA 31401",2026-07-04T21:15:00-04:00,2026-07-04T21:45:00-04:00,America/New_York,community-event,confirmed,true,https://www.savannahga.gov/,City of Savannah,2026-05-27,2026-05-27,Fireworks launch over the Savannah River with public viewing from River Street and Hutchinson Island.,32.0809,-81.0912,"River Street between Bull and Lincoln has the unobstructed center view. | The Hutchinson Island ferry queue forms by 7pm — board the Convention Center boat from Rousakis Plaza.","River Street garage and Whitaker Street garage are city-managed and stay open until 1am. | Avoid Bay Street between MLK and Habersham — closed from 6pm.","Free DOT shuttle runs the Bay Street loop until 11:30pm.","River Street stairs and cobblestones are slick after the riverboat dinner cruises — wear flat shoes."
phoenix-fabulous-fourth-2026,Fabulous Phoenix 4th 2026,fabulous-phoenix-4th-2026,US,AZ,Phoenix,Margaret T. Hance Park,"67 W Culver St, Phoenix, AZ 85003",2026-07-04T21:30:00-07:00,2026-07-04T22:00:00-07:00,America/Phoenix,community-event,confirmed,true,https://www.phoenix.gov/parks,City of Phoenix Parks and Recreation,2026-05-27,2026-05-27,"Phoenix's flagship July 4 celebration centers on Margaret T. Hance Park with food trucks, music, and fireworks.",33.4484,-112.074,"East lawn (Central Avenue side) has clearer sightlines than the west lawn. | Burton Barr Library shade gardens stay open as a heat refuge until 10pm.","Library and Margaret T. Hance Park surface lots fill by 6pm. | Park-and-ride from Roosevelt/Central light rail station is the lowest-stress option.","Valley Metro Light Rail extends to 1:30am on July 4. Exit at Roosevelt/Central.","Heat advisory typically active until 9pm — bring water and electrolyte tabs. | Smoke and ash from desert wildfires can blow in — sensitive groups should bring N95 masks."
westgate-glendale-fireworks-2026,Westgate Glendale Summer Fireworks 2026,westgate-glendale-summer-fireworks-2026,US,AZ,Glendale,Westgate Entertainment District,"6770 N Sunrise Blvd, Glendale, AZ 85305",2026-07-04T21:00:00-07:00,2026-07-04T21:30:00-07:00,America/Phoenix,community-event,confirmed,true,https://www.westgateaz.com/,Westgate Entertainment District,2026-05-27,2026-05-27,Westgate hosts Glendale's largest July 4 fireworks with State Farm Stadium-area viewing.,33.5387,-112.186,"Fountain Plaza is the main viewing area — arrive before 7:30pm. | State Farm Stadium parking lot 8 opens to spectators with no ticket required.","All Westgate surface lots are free but fill by 7pm. | Loop 101 Glendale Ave exit backs up after 5pm — use Cardinals Way exit instead.","Valley Metro Route 70 runs limited service — driving is the dominant option.","Misting fans operate in the central plaza; bring water for kids in strollers."
tempe-town-lake-fireworks-2026,Tempe Town Lake 4th of July 2026,tempe-town-lake-4th-of-july-2026,US,AZ,Tempe,Tempe Beach Park,"80 W Rio Salado Pkwy, Tempe, AZ 85281",2026-07-04T21:00:00-07:00,2026-07-04T21:30:00-07:00,America/Phoenix,community-event,confirmed,true,https://www.tempe.gov/,City of Tempe,2026-05-27,2026-05-27,Tempe Town Lake hosts a coordinated Independence Day fireworks show with shoreline viewing.,33.4255,-111.94,"North shore (Curry Road side) gives a less crowded view than the south. | Tempe Center for the Arts lawn provides shaded grass seating with a clear sightline.","Tempe Marketplace structure is the closest paid garage with all-night re-entry. | Rio Salado Parkway shuts between Mill and McClintock at 7pm.","Valley Metro Light Rail exits at Mill/3rd or Veterans Way/College.","No swimming or paddling on Town Lake during fireworks loading — kayak ramps close 5pm."
portland-waterfront-fireworks-2026,Waterfront Blues Festival Fireworks 2026,portland-waterfront-fireworks-2026,US,OR,Portland,Tom McCall Waterfront Park,"98 SW Naito Pkwy, Portland, OR 97204",2026-07-04T22:00:00-07:00,2026-07-04T22:30:00-07:00,America/Los_Angeles,festival,confirmed,true,https://www.travelportland.com/,Travel Portland,2026-05-27,2026-05-27,Portland Waterfront fireworks coincide with the Waterfront Blues Festival weekend.,45.5194,-122.6711,"Salmon Street Springs Plaza has the closest view but fills by 7pm. | OMSI lawn on the east bank is the family-friendly alternative with permitted picnics.","SmartPark garages (Naito Parkway and 4th & Yamhill) accept reservations. | Hawthorne and Burnside bridge bicycle parking is the fastest option.","TriMet MAX Blue and Red lines stop at Skidmore Fountain. | Streetcar runs every 15 minutes through 12:30am on July 4.","Willamette River seawall benches are slippery when wet — keep children on the seawall side."
charlotte-skyshow-2026,Charlotte SkyShow 2026,charlotte-skyshow-2026,US,NC,Charlotte,Truist Field,"324 S Mint St, Charlotte, NC 28202",2026-07-04T21:45:00-04:00,2026-07-04T22:15:00-04:00,America/New_York,stadium-fireworks,confirmed,true,https://www.milb.com/charlotte-knights/events/starsandstripesspectacular,Charlotte Knights,2026-05-30,2026-05-30,Charlotte's flagship Independence Day fireworks launch from Truist Field with stadium and Uptown viewing.,35.227,-80.8432,"Romare Bearden Park lawn (free, walk-in) has the second-best Uptown view. | First Ward Park rooftop bars sell capacity passes; check Visit Charlotte the morning of.","Stonewall Street garage is the closest stadium garage — book Knights parking online. | Light rail Park-and-Ride at Old Concord Road is the lowest-stress option.","CATS LYNX Blue Line exits at 3rd Street/Convention Center — short walk to the stadium. | Service runs until 1:30am on July 4.","Stadium ingress takes 25 minutes after the 7th-inning stretch — leave seats early for crowd control."
raleigh-works-2026,Raleigh The Works Fireworks 2026,raleigh-the-works-fireworks-2026,US,NC,Raleigh,Dorothea Dix Park,"Dorothea Dix Park, Raleigh, NC",2026-07-04T21:30:00-04:00,2026-07-04T22:00:00-04:00,America/New_York,community-event,confirmed,true,https://www.raleighnc.gov/,City of Raleigh,2026-05-27,2026-05-27,Raleigh's downtown Independence Day program ends with fireworks over Dorothea Dix Park.,35.7796,-78.6382,"Big Field at Dix Park is the official viewing lawn. | Boylan Heights Avenue Bridge is the best free elevated view of the launch.","Park-and-ride shuttles run from State Fairgrounds and PNC Arena. | Avoid driving into the Boylan Heights neighborhood — residential parking only.","GoRaleigh routes 5 and 11 reroute around Dix Park from 4pm.","Dix Park hills are uneven — bring a flashlight for the exit walk."
memphis-star-spangled-2026,Memphis Star Spangled Celebration 2026,memphis-star-spangled-celebration-2026,US,TN,Memphis,Tom Lee Park,"Tom Lee Park, Memphis, TN 38103",2026-07-04T21:15:00-05:00,2026-07-04T21:45:00-05:00,America/Chicago,community-event,confirmed,true,https://www.memphistn.gov/,City of Memphis,2026-05-27,2026-05-27,Memphis Independence Day fireworks launch from Mud Island over the Mississippi River.,35.1495,-90.049,"Tom Lee Park central lawn (in front of the Beale Street Landing) is the official viewing zone. | Bluff overlooks at Riverside Drive and Carolina Avenue stay quieter.","Beale Street garages fill by 7pm — Mud Island parking has the closer footprint with shuttle. | Riverside Drive closes to vehicles 5pm to midnight.","MATA Main Street Trolley runs every 12 minutes until 11pm.","Tom Lee Park benches are concrete and hold heat — bring lightweight blankets."
minneapolis-red-white-boom-2026,Minneapolis Red White and Boom 2026,minneapolis-red-white-and-boom-2026,US,MN,Minneapolis,Boom Island Park,"Boom Island Park, Minneapolis, MN",2026-07-04T22:00:00-05:00,2026-07-04T22:30:00-05:00,America/Chicago,community-event,confirmed,true,https://www.minneapolisparks.org/,Minneapolis Park and Recreation Board,2026-05-27,2026-05-27,Minneapolis Park Board hosts the city's flagship July 4 fireworks over the Mississippi River from Boom Island Park.,44.9778,-93.265,"Nicollet Island lawn faces the launch barge directly. | Stone Arch Bridge provides an elevated downstream view but closes at 90% capacity.","Boom Island lots fill by 7pm; Plymouth Avenue overflow lot is the best fallback. | East Hennepin Avenue closes between 1st Ave and the river starting 5pm.","Metro Transit routes 3 and 25 reroute around the riverfront. | Northstar Commuter Rail Big Lake line resumes at 10:30pm.","Mississippi River mosquito advisories peak in early July — bring DEET-based repellent."
fair-saint-louis-2026,Fair Saint Louis 2026,fair-saint-louis-2026,US,MO,St. Louis,Gateway Arch National Park,"Gateway Arch National Park, St. Louis, MO 63102",2026-07-04T21:30:00-05:00,2026-07-04T22:15:00-05:00,America/Chicago,festival,confirmed,true,https://www.fairsaintlouis.org/,Fair Saint Louis (America's Birthday Party),2026-05-27,2026-05-27,Fair Saint Louis hosts the city's flagship Independence Day fireworks under the Gateway Arch.,38.6247,-90.1848,"Luther Ely Smith Square (Old Courthouse side) is the family viewing area. | Malcolm W. Martin Memorial Park (Illinois side) gives the best skyline backdrop.","Arch garage and Stadium East garage stay open until 1am. | Memorial Drive closes 6pm to midnight.","MetroLink Red and Blue lines exit at Arch-Laclede's Landing. | Metro extends service until 1am on July 4.","Levee stairs near the Arch grounds are uneven — keep groups together for the walk back."
kansas-city-riverfront-fireworks-2026,Kansas City Riverfront Fireworks 2026,kansas-city-riverfront-fireworks-2026,US,MO,Kansas City,Berkley Riverfront Park,"Berkley Riverfront Park, Kansas City, MO",2026-07-04T21:30:00-05:00,2026-07-04T22:00:00-05:00,America/Chicago,community-event,confirmed,true,https://www.kcmo.gov/,City of Kansas City,2026-05-27,2026-05-27,Berkley Riverfront Park hosts Kansas City's public Independence Day fireworks with Missouri River views.,39.1163,-94.5807,"Heritage Plaza at Berkley Riverfront has unobstructed launch views. | Liberty Memorial Mall offers a high-ground alternative with the downtown skyline behind.","Free shuttle from Berkley Park to North Kansas City lots runs every 20 minutes. | Mainstreet closes through River Market starting 6pm.","KC Streetcar runs every 10 minutes until 1am on July 4.","Riverbank railings are low — keep small children on the inland side of the path."
cambridge-memorial-drive-viewing-2026,Cambridge Memorial Drive Fireworks Viewing 2026,cambridge-memorial-drive-fireworks-2026,US,MA,Cambridge,Memorial Drive,"Memorial Drive, Cambridge, MA",2026-07-04T22:30:00-04:00,2026-07-04T23:00:00-04:00,America/New_York,public-display,confirmed,true,https://www.cambridgema.gov/,City of Cambridge,2026-05-27,2026-05-27,Cambridge's Charles River bank serves as the unticketed alternative to the Esplanade for the Boston Pops fireworks.,42.3736,-71.1097,"Magazine Beach Park is the most family-friendly stretch. | Riverbend Park (between JFK Street and the BU Bridge) has the best center sightline.","Harvard Square garages stay open until 2am. | Memorial Drive closes to traffic from noon on July 4.","MBTA Red Line at Central Square or Kendall/MIT is closest.","Memorial Drive is car-free but bicycles continue to use it — keep right when walking."
wawa-welcome-america-2026,Wawa Welcome America Fireworks 2026,wawa-welcome-america-fireworks-2026,US,PA,Philadelphia,Benjamin Franklin Parkway,"Benjamin Franklin Parkway, Philadelphia, PA",2026-07-04T22:30:00-04:00,2026-07-04T23:00:00-04:00,America/New_York,festival,confirmed,true,https://welcomeamerica.com/,Wawa Welcome America,2026-05-27,2026-05-27,Philadelphia's premier July 4 festival ends with fireworks over the Philadelphia Museum of Art.,39.9526,-75.1652,"Eakins Oval (in front of the Art Museum) is the closest viewing lawn — clear bags only. | Boathouse Row along Kelly Drive gives an unobstructed Schuylkill River sightline.","Center City garages fill by 6pm — try Independence Mall garage. | Ben Franklin Parkway closes to vehicles at noon.","SEPTA Broad Street Line at Race-Vine or Spring Garden is closest. | PHLASH downtown shuttle runs every 12 minutes through 11pm.","Eakins Oval security screening takes 45 minutes — no umbrellas or backpacks."
penns-landing-summer-fireworks-2026,Penn's Landing Summer Concert Fireworks 2026,penns-landing-summer-fireworks-2026,US,PA,Philadelphia,Great Plaza at Penn's Landing,"101 S Christopher Columbus Blvd, Philadelphia, PA 19106",2026-07-04T22:15:00-04:00,2026-07-04T22:30:00-04:00,America/New_York,community-event,confirmed,true,https://www.delawareriverwaterfront.com/,Delaware River Waterfront Corporation,2026-05-27,2026-05-27,Penn's Landing hosts an additional July 4 fireworks display over the Delaware River.,39.9485,-75.142,"Great Plaza amphitheater seating is first-come, first-served. | Race Street Pier offers a quieter northern view.","Penn's Landing lot fills by 6pm; Society Hill garages have walk-up capacity.","SEPTA Market-Frankford Line at 2nd Street is the closest stop.","Columbus Boulevard closes between Walnut and Market at 5pm."
big-bay-boom-2026,Big Bay Boom San Diego 2026,big-bay-boom-san-diego-2026,US,CA,San Diego,San Diego Bay,"San Diego Bay, San Diego, CA",2026-07-04T21:00:00-07:00,2026-07-04T21:18:00-07:00,America/Los_Angeles,public-display,confirmed,true,https://www.bigbayboom.com/,Big Bay Boom,2026-05-27,2026-05-27,Big Bay Boom is San Diego's coordinated four-barge fireworks event launched simultaneously across San Diego Bay.,32.7157,-117.1611,"Embarcadero between B Street Pier and the USS Midway has the closest north view. | Coronado Ferry Landing is the best Coronado-side view. | Shelter Island and Harbor Island look across the bay with the downtown skyline.","Petco Park and Convention Center garages reserve $25 event parking. | Coronado Tidelands Park lot fills by 4pm.","MTS Trolley Blue and Green lines run every 15 minutes through 11pm. | Coronado Ferry runs every 30 minutes until 1am.","Marine traffic on the bay halts 1 hour before launch and resumes 1 hour after. | Marine layer fog can cancel the show last-minute — check Big Bay Boom social media at 6pm."
la-jolla-cove-fireworks-2026,La Jolla Cove Fireworks 2026,la-jolla-cove-fireworks-2026,US,CA,San Diego,La Jolla Cove,"La Jolla Cove, San Diego, CA",2026-07-04T21:00:00-07:00,2026-07-04T21:15:00-07:00,America/Los_Angeles,public-display,confirmed,true,https://www.lajollabythesea.com/,La Jolla by the Sea,2026-05-27,2026-05-27,La Jolla Cove hosts its own coastal fireworks separate from Big Bay Boom.,32.8497,-117.2725,"Scripps Park (Coast Boulevard) is the official viewing lawn. | Children's Pool sea wall is a quieter alternative.","La Jolla Village garage fills by 5pm; Bird Rock side streets have residential restrictions.","MTS bus 30 runs every 30 minutes from downtown La Jolla.","Cliffs around the cove are unfenced — keep children inland of the painted line."
bellevue-downtown-park-fireworks-2026,Bellevue Downtown Park Fireworks 2026,bellevue-downtown-park-fireworks-2026,US,WA,Bellevue,Bellevue Downtown Park,"10201 NE 4th St, Bellevue, WA 98004",2026-07-04T22:00:00-07:00,2026-07-04T22:20:00-07:00,America/Los_Angeles,community-event,confirmed,true,https://bellevuewa.gov/,City of Bellevue,2026-05-27,2026-05-27,Bellevue Downtown Park hosts the East Side's family-focused July 4 fireworks.,47.6133,-122.2007,"East lawn is the official viewing area with stroller access from the NE 4th St gate. | Lincoln Square parking garage rooftop is the secondary viewing area with paid access.","Bellevue Square and The Bravern garages have validated event parking. | 405 Bellevue Way exit congests after 6pm — exit at NE 8th instead.","King County Metro RapidRide B Line runs every 15 minutes through 1am.","Downtown Park lawn fills by 7pm — alcohol prohibited in the park."
la-hollywood-bowl-fireworks-2026,Hollywood Bowl Fireworks Spectacular 2026,hollywood-bowl-fireworks-spectacular-2026,US,CA,Los Angeles,Hollywood Bowl,"2301 N Highland Ave, Los Angeles, CA 90068",2026-07-04T20:30:00-07:00,2026-07-04T22:30:00-07:00,America/Los_Angeles,community-event,confirmed,true,https://www.hollywoodbowl.com/,Hollywood Bowl,2026-05-27,2026-05-27,Hollywood Bowl's Fireworks Spectacular is a ticketed three-night concert series with full-orchestra fireworks finale.,34.0522,-118.2437,"Bowl benches require advance ticketing through the Bowl box office. | Hollywood Park (across Highland) gives a free elevated view above the bowl rim.","Bowl parking is stacked — leaving immediately after the show takes 90 minutes. | Park-and-Ride lots run from 18 LA County locations.","Bowl Shuttle runs from Hollywood/Highland Metro station every 10 minutes.","Bowl bench seating requires layers — temperature drops to 60°F after sunset."
la-grand-park-block-party-2026,Grand Park 4th of July Block Party 2026,la-grand-park-block-party-2026,US,CA,Los Angeles,Grand Park,"200 N Grand Ave, Los Angeles, CA 90012",2026-07-04T20:30:00-07:00,2026-07-04T22:00:00-07:00,America/Los_Angeles,community-event,confirmed,true,https://grandparkla.org/,Grand Park (Los Angeles County),2026-05-27,2026-05-27,Grand Park's free Independence Day Block Party closes with fireworks over the Civic Center.,34.0556,-118.2461,"Grand Park's Performance Lawn is the official viewing area; bring blankets for the dirt. | Walt Disney Concert Hall steps are a quieter alternative.","Music Center, Disney Hall, and Department of Water and Power garages stay open. | Grand Avenue closes 4pm to 1am.","Metro B (Red) and D (Purple) lines at Civic Center/Grand Park station — closest.","Olvera Street parking restrictions begin 3pm."
miami-bayfront-park-fireworks-2026,Miami Bayfront Park Fireworks 2026,miami-bayfront-park-fireworks-2026,US,FL,Miami,Bayfront Park,"301 Biscayne Blvd, Miami, FL 33132",2026-07-04T21:00:00-04:00,2026-07-04T21:30:00-04:00,America/New_York,community-event,confirmed,true,https://www.miamigov.com/,City of Miami,2026-05-27,2026-05-27,Bayfront Park hosts Miami's flagship Independence Day fireworks over Biscayne Bay.,25.7745,-80.1865,"Bayfront Park amphitheater lawn has the closest view but fills by 7pm. | PortMiami eastern bulkhead is the best alternative.","InterContinental and JW Marriott garages stay open until 2am. | Biscayne Boulevard closes 6pm to midnight.","Metromover Bayfront Park and College/Bayside stations are free and run every 90 seconds.","Tropical thunderstorms can trigger short-notice postponements — check Miami 311 social channels at 6pm."
tampa-boom-by-the-bay-2026,Tampa Boom by the Bay 2026,tampa-boom-by-the-bay-2026,US,FL,Tampa,Curtis Hixon Waterfront Park,"600 N Ashley Dr, Tampa, FL 33602",2026-07-04T21:15:00-04:00,2026-07-04T21:45:00-04:00,America/New_York,community-event,confirmed,true,https://www.tampa.gov/,City of Tampa,2026-05-27,2026-05-27,Tampa's Boom by the Bay launches fireworks over the Hillsborough River at Curtis Hixon Waterfront Park.,27.948,-82.4604,"Curtis Hixon Park lawn is the official viewing zone. | The Riverwalk between Tampa Museum of Art and Glazer Children's Museum stays open.","Convention Center and Poe Garage have validated event parking. | Ashley Drive closes 6pm to midnight.","TECO Streetcar runs free service through 1am on July 4.","Riverwalk railings are low — keep small children on the inland side."
detroit-river-days-fireworks-2026,Detroit River Days Fireworks 2026,detroit-river-days-fireworks-2026,US,MI,Detroit,Hart Plaza,"Hart Plaza, Detroit, MI",2026-07-04T22:00:00-04:00,2026-07-04T22:30:00-04:00,America/New_York,festival,confirmed,true,https://www.visitdetroit.com/,Visit Detroit,2026-05-27,2026-05-27,Detroit's riverfront fireworks at Hart Plaza coordinate with Windsor for a cross-border display.,42.3284,-83.0432,"Hart Plaza lawn and the Renaissance Center Riverwalk are the main viewing areas. | Belle Isle Park (Sunset Point) is the best uncrowded alternative.","Cobo Center garage and Greektown garages stay open until 1am. | Jefferson Avenue closes between Woodward and Randolph at 5pm.","QLine streetcar runs every 15 minutes through 1am.","Border security applies to any item carried near the Riverwalk waterline — no drones."
new-orleans-go-4th-on-river-2026,New Orleans Go 4th on the River 2026,new-orleans-go-4th-on-the-river-2026,US,LA,New Orleans,Mississippi River,"Mississippi Riverfront, New Orleans, LA",2026-07-04T21:00:00-05:00,2026-07-04T21:30:00-05:00,America/Chicago,public-display,confirmed,true,https://www.go4thontheriver.com/,Go 4th on the River,2026-05-27,2026-05-27,Go 4th on the River is New Orleans' dual-barge fireworks launch over the Mississippi River.,29.9511,-90.0715,"Woldenberg Park is the closest French Quarter view. | Algiers Point levee gives the best skyline-framed view.","French Quarter garages (Premium Parking 8, Iberville lot) stay open until 1am. | Decatur Street between Canal and Esplanade closes 6pm to midnight.","RTA Streetcar runs every 12 minutes on Canal and Riverfront lines. | Algiers Ferry runs every 30 minutes until 11:45pm.","Levee stairs near Woldenberg Park are slick after evening showers."
honolulu-ala-moana-fireworks-2026,Honolulu Ala Moana Beach Fireworks 2026,honolulu-ala-moana-beach-fireworks-2026,US,HI,Honolulu,Ala Moana Beach Park,"1201 Ala Moana Blvd, Honolulu, HI 96814",2026-07-04T20:30:00-10:00,2026-07-04T21:00:00-10:00,Pacific/Honolulu,community-event,confirmed,true,https://www.honolulu.gov/parks,Honolulu Department of Parks and Recreation,2026-05-27,2026-05-27,Ala Moana Beach Park hosts Oahu's largest public Independence Day fireworks.,21.3099,-157.8581,"Magic Island peninsula provides the closest barge view. | Kakaako Waterfront Park gives a wider panoramic alternative.","Ala Moana Beach Park lots fill by 6pm — overflow uses Ward Centre garage.","TheBus routes 8, 19, and 23 run every 15 minutes through 11pm.","Marine traffic on Ala Moana lagoon halts 1 hour before launch. | Trade-wind shift can blow smoke onshore — sensitive groups should sit east of the launch."
denver-civic-center-fireworks-2026,Denver Civic Center Fireworks 2026,denver-civic-center-fireworks-2026,US,CO,Denver,Civic Center Park,"101 W 14th Ave Pkwy, Denver, CO 80204",2026-07-04T21:30:00-06:00,2026-07-04T22:00:00-06:00,America/Denver,community-event,confirmed,true,https://www.denvergov.org/,City and County of Denver,2026-05-27,2026-05-27,Civic Center Park hosts Denver's downtown Independence Day fireworks.,39.7392,-104.9847,"Civic Center Park front lawn faces the State Capitol — best view. | Veterans Park (16th Street Mall) is a quieter walking-distance alternative.","Convention Center, Tabor Center, and Cherry Creek garages have late-night re-entry. | Broadway closes 5pm to midnight.","RTD Light Rail D, E, F, H lines exit at Civic Center station.","Mile-high elevation makes evening temperatures drop to 58°F — bring layers."
denver-coors-field-fireworks-2026,Coors Field Fireworks Night 2026,denver-coors-field-fireworks-night-2026,US,CO,Denver,Coors Field,"2001 Blake St, Denver, CO 80205",2026-07-04T22:00:00-06:00,2026-07-04T22:30:00-06:00,America/Denver,stadium-fireworks,confirmed,true,https://www.mlb.com/rockies/ballpark,Colorado Rockies (Coors Field),2026-05-27,2026-05-27,The Colorado Rockies host the city's biggest postgame fireworks on July 4 at Coors Field.,39.7392,-104.9903,"Coors Field Rooftop bleachers (Rockpile) sell same-day tickets at 2pm. | Wynkoop and 20th Street rooftop bars are the best free alternative.","Convention Center, Lower Downtown, and Union Station garages have postgame capacity.","RTD A Line and 16th Street Mall shuttle connect at Union Station.","LoDo streets between 19th and 21st close to vehicles for 1 hour after fireworks."
indianapolis-downtown-fireworks-2026,Downtown Indy Fourth Fest 2026,indianapolis-downtown-fourth-fest-2026,US,IN,Indianapolis,White River State Park,"801 W Washington St, Indianapolis, IN 46204",2026-07-04T22:00:00-04:00,2026-07-04T22:30:00-04:00,America/New_York,community-event,confirmed,true,https://downtownindy.org/,Downtown Indy Inc.,2026-05-27,2026-05-27,Indianapolis closes Independence Day with fireworks over White River State Park.,39.7684,-86.1581,"White River State Park lawn has the closest view. | NCAA Hall of Champions plaza and Indianapolis Zoo Plaza are the quieter alternatives.","White River garage and Lucas Oil Stadium West lot have event parking. | West Street closes 6pm to midnight.","IndyGo Red Line bus rapid transit runs every 10 minutes through 12:30am.","Canal walkways narrow and unlit — keep flashlights for the post-show walk."
chicago-navy-pier-fireworks-2026,Navy Pier Independence Day Fireworks 2026,chicago-navy-pier-fireworks-2026,US,IL,Chicago,Navy Pier,"600 E Grand Ave, Chicago, IL 60611",2026-07-04T22:15:00-05:00,2026-07-04T22:30:00-05:00,America/Chicago,community-event,confirmed,true,https://navypier.org/,Navy Pier,2026-05-27,2026-05-27,Navy Pier launches its summer fireworks series with an extended Independence Day program.,41.8919,-87.6051,"Pier rotunda gives the closest view but fills by 8pm. | Olive Park (Streeter Drive) is the underrated near-pier alternative.","Navy Pier garage rates jump to $50 on July 4 — Streeter Drive surface lots are cheaper. | Grand Avenue closes east of Stetson at 5pm.","CTA bus route 124 runs Navy Pier to Union Station every 7 minutes.","Lake Michigan winds shift smoke unpredictably — sensitive groups should sit east of the pier."
san-antonio-stars-stripes-2026,San Antonio Stars and Stripes Over San Antonio 2026,san-antonio-stars-and-stripes-2026,US,TX,San Antonio,Woodlawn Lake Park,"1103 Cincinnati Ave, San Antonio, TX 78201",2026-07-04T21:30:00-05:00,2026-07-04T22:00:00-05:00,America/Chicago,community-event,confirmed,true,https://saparks.org/events/the-h-e-b-fourth-of-july-celebration/,San Antonio Parks Foundation,2026-05-30,2026-05-30,Stars and Stripes Over San Antonio launches fireworks over Woodlawn Lake.,29.4241,-98.4936,"Woodlawn Lake Park east shoreline has the closest view. | Olmos Basin Park is the secondary viewing area for overflow crowds.","Free shuttle from Jefferson High School parking lot runs every 15 minutes. | Cincinnati Avenue closes 5pm to midnight.","VIA bus 76 reroutes around the lake.","Mosquito spray is provided at entry stations; lake-edge grass is the highest-density area."
pittsburgh-point-state-park-2026,Pittsburgh Point State Park Fireworks 2026,pittsburgh-point-state-park-fireworks-2026,US,PA,Pittsburgh,Point State Park,"601 Commonwealth Pl, Pittsburgh, PA 15222",2026-07-04T21:30:00-04:00,2026-07-04T22:00:00-04:00,America/New_York,community-event,confirmed,true,https://www.pittsburghpa.gov/,City of Pittsburgh,2026-05-27,2026-05-27,Pittsburgh's flagship Independence Day fireworks launch from Point State Park at the rivers' confluence.,40.4406,-79.9959,"Point State Park fountain plaza is the closest official viewing. | North Shore Trail near Acrisure Stadium gives unobstructed cross-river view. | Mount Washington Grandview Overlook is the premium aerial view.","North Shore garages stay open until 1am. | Fort Pitt Boulevard and Commonwealth Place close at 5pm.","Port Authority T light rail exits at Gateway Center.","Mount Washington stairs are uneven — bring flashlights for the descent."
houston-freedom-over-texas-2026,Freedom Over Texas Fireworks 2026,houston-freedom-over-texas-fireworks-2026,US,TX,Houston,Eleanor Tinsley Park,"500 Allen Pkwy, Houston, TX 77019",2026-07-04T21:35:00-05:00,2026-07-04T22:00:00-05:00,America/Chicago,festival,confirmed,true,https://www.houstontx.gov/,City of Houston,2026-05-27,2026-05-27,Freedom Over Texas is Houston's ticketed Independence Day festival ending with citywide fireworks.,29.7604,-95.3698,"Tinsley Park lawn requires a $10 ticket through Houston Parks online portal. | Sabine Street Bridge is the closest free viewing.","Theater District garages stay open until 1am. | Allen Parkway closes between Shepherd and Bagby at 4pm.","METRORail Red Line exits at Theater District.","Heat advisories often extend through 10pm — water stations at every park entrance."
nyc-coney-island-fireworks-2026,Coney Island Friday Night Fireworks 2026,nyc-coney-island-friday-night-fireworks-2026,US,NY,Brooklyn,Coney Island Boardwalk,"Coney Island Boardwalk, Brooklyn, NY",2026-07-03T21:30:00-04:00,2026-07-03T22:00:00-04:00,America/New_York,public-display,confirmed,true,https://www.coneyisland.com/,Coney Island,2026-05-27,2026-05-27,Coney Island's Friday Night Fireworks series stages an extended program over the holiday weekend.,40.6782,-73.9442,"Steeplechase Pier offers a free elevated boardwalk view. | Stillwell Avenue side gives a clear west-coast view.","Surf Avenue lots fill by 4pm; MCU Park lots open after 8pm.","D, F, N, Q lines terminate at Stillwell Avenue/Coney Island. | Service runs every 8 minutes through 1:30am.","Boardwalk benches are unfenced from the beach — keep small children on the inland side."
san-jose-discovery-park-2026,San Jose Discovery Park Fourth of July 2026,san-jose-discovery-park-fourth-of-july-2026,US,CA,San Jose,Discovery Meadow,"180 Woz Way, San Jose, CA 95110",2026-07-04T21:30:00-07:00,2026-07-04T22:00:00-07:00,America/Los_Angeles,community-event,confirmed,true,https://www.sanjoseca.gov/,City of San Jose,2026-05-27,2026-05-27,San Jose Discovery Park hosts the South Bay's largest free Independence Day fireworks.,37.3382,-121.8863,"Discovery Meadow lawn is the primary viewing area. | Diridon Station overhead pedestrian walkway is a quieter alternative.","SAP Center garage and Adobe garage stay open until 1am. | Auzerais Avenue closes east of Bird Avenue at 6pm.","VTA Light Rail Green Line exits at San Jose Convention Center. | Caltrain Capitol Corridor weekend schedule applies on July 4.","Discovery Meadow allows blankets but no high-back chairs after 7pm."
oakland-jack-london-square-2026,Oakland Jack London Square Fireworks 2026,oakland-jack-london-square-fireworks-2026,US,CA,Oakland,Jack London Square,"472 Water St, Oakland, CA 94607",2026-07-04T21:00:00-07:00,2026-07-04T21:30:00-07:00,America/Los_Angeles,community-event,confirmed,true,https://jacklondonsquare.com/,Jack London Square,2026-05-27,2026-05-27,Jack London Square launches Oakland's public Fourth of July fireworks over the estuary.,37.8044,-122.2712,"Jack London Square promenade has the closest view. | Alameda Bay Ship Park gives the best Alameda-side perspective.","Jack London garage and Embarcadero lots stay open until 1am. | Embarcadero closes between Webster and Jackson at 5pm.","AC Transit O bus runs every 20 minutes from 12th Street BART. | BART San Francisco - Oakland service runs every 15 minutes through 1am.","Estuary railing heights vary — keep small children inland of the painted line."
buffalo-canalside-fireworks-2026,Buffalo Canalside Fireworks 2026,buffalo-canalside-fireworks-2026,US,NY,Buffalo,Canalside Buffalo,"44 Prime St, Buffalo, NY 14202",2026-07-04T22:00:00-04:00,2026-07-04T22:30:00-04:00,America/New_York,community-event,confirmed,true,https://buffalowaterfront.com/events/4th-of-july-weekend-on-the-waterfront?date=Saturday%2C+July+4%2C+2026,Buffalo Waterfront,2026-05-30,2026-05-30,Canalside Buffalo hosts the city's flagship Independence Day fireworks over Lake Erie.,42.8773,-78.8819,"Canalside boardwalk has the closest view. | Outer Harbor Wilkeson Pointe is the best alternative.","Canalside lots and the Adams Mark Buffalo garage stay open until 1am. | Main Street closes south of Exchange at 4pm.","NFTA Metro Rail extends to 1am on July 4.","Lake Erie winds shift smoke unpredictably — sensitive groups should sit east of the launch."
slc-sugar-house-fireworks-2026,Salt Lake City Sugar House Park Fireworks 2026,slc-sugar-house-park-fireworks-2026,US,UT,Salt Lake City,Sugar House Park,"1330 E 2100 S, Salt Lake City, UT 84106",2026-07-04T22:00:00-06:00,2026-07-04T22:30:00-06:00,America/Denver,community-event,confirmed,true,https://www.slc.gov/,Salt Lake City Corporation,2026-05-27,2026-05-27,Sugar House Park hosts Salt Lake City's public Independence Day fireworks with valley-wide visibility.,40.7608,-111.891,"Sugar House Park north hill gives a high-ground view above the launch. | Liberty Park is the quieter walk-up alternative.","Highland Drive and 2100 South close to vehicles at 5pm. | TRAX Sugar House Streetcar parking is the best stress-free option.","UTA TRAX runs every 15 minutes through 11:30pm. | Sugar House S-Line Streetcar runs every 20 minutes.","Park stays dry — bring water; high elevation increases dehydration risk."
